[
  {
    "name": "io.vertx.core.impl.launcher.commands.RunCommand",
    "allDeclaredConstructors": true,
    "allDeclaredMethods": true
  },
  {
    "name": "io.vertx.core.impl.launcher.commands.VersionCommand",
    "allDeclaredConstructors": true,
    "allDeclaredMethods": true
  },
  {
    "name": "io.vertx.core.impl.launcher.commands.VertxIsolatedDeployer",
    "allDeclaredConstructors": true,
    "allDeclaredMethods": true
  },
  {
    "name": "java.lang.Long",
    "allDeclaredConstructors": true
  },
  {
    "name": "java.lang.Integer",
    "allDeclaredConstructors": true
  },
  {
    "name": "com.ex.ff.MainVerticle",
    "allDeclaredConstructors": true,
    "allDeclaredMethods": true
  }
]
